<?xml version='1.0' encoding='utf-8'?>
<routes>
    <vType id="taxi" vClass="taxi" />
    <vehicle depart="806400" id="taxi_0" line="taxi" personNumber="3" type="taxi">
        <param key="has.taxi.device" value="true" />
        <route edges="5673093#6" />
    </vehicle><vehicle depart="806400" id="taxi_1" line="taxi" personNumber="3" type="taxi"><param key="has.taxi.device" value="true" /><route edges="1080873865" /></vehicle><vehicle depart="806400" id="taxi_2" line="taxi" personNumber="3" type="taxi"><param key="has.taxi.device" value="true" /><route edges="570171461#0" /></vehicle><vehicle depart="806400" id="taxi_3" line="taxi" personNumber="3" type="taxi"><param key="has.taxi.device" value="true" /><route edges="955293895#0" /></vehicle><vehicle depart="806400" id="taxi_4" line="taxi" personNumber="3" type="taxi"><param key="has.taxi.device" value="true" /><route edges="-5669892#14" /></vehicle><vehicle depart="806400" id="taxi_5" line="taxi" personNumber="3" type="taxi"><param key="has.taxi.device" value="true" /><route edges="420351724#0" /></vehicle><vehicle depart="806400" id="taxi_6" line="taxi" personNumber="3" type="taxi"><param key="has.taxi.device" value="true" /><route edges="1334230709" /></vehicle><vehicle depart="806400" id="taxi_7" line="taxi" personNumber="3" type="taxi"><param key="has.taxi.device" value="true" /><route edges="1164426014" /></vehicle><vehicle depart="806400" id="taxi_8" line="taxi" personNumber="3" type="taxi"><param key="has.taxi.device" value="true" /><route edges="112116234#8" /></vehicle><vehicle depart="806400" id="taxi_9" line="taxi" personNumber="3" type="taxi"><param key="has.taxi.device" value="true" /><route edges="40709928#11" /></vehicle></routes>