<?xml version="1.0" encoding="UTF-8"?>

<!-- generated on 2025-03-17 22:09:06 by Eclipse SUMO sumo Version 1.22.0
-->

<sumoConfiguration xmlns:xsi="http://www.w3.org/2001/XMLSchema-instance" xsi:noNamespaceSchemaLocation="http://sumo.dlr.de/xsd/sumoConfiguration.xsd">

    <input>
        <net-file value="osm.net.xml.gz"/>
        <route-files value="osm.rou.xml"/>
        <additional-files value="osm.person.xml"/>
        <device.taxi.dispatch-algorithm value="traci"/>
        <device.taxi.idle-algorithm value="stop"/>
    </input>

    <time>
        <begin value="806400"/>
        <end value="1627200"/>
    </time>

    <processing>
        <ignore-route-errors value="true"/>
        <tls.actuated.jam-threshold value="30"/>
    </processing>

    <routing>
        <device.rerouting.adaptation-steps value="18"/>
        <device.rerouting.adaptation-interval value="10"/>
    </routing>

    <report>
        <verbose value="true"/>
        <duration-log.statistics value="true"/>
        <no-step-log value="true"/>
    </report>

    <gui_only>
        <gui-settings-file value="osm.view.xml"/>
    </gui_only>

</sumoConfiguration>
