<?xml version="1.0" encoding="UTF-8"?>

<!-- generated on 2025-03-17 18:57:58 by Eclipse SUMO netconvert Version 1.22.0
-->

<netconvertConfiguration xmlns:xsi="http://www.w3.org/2001/XMLSchema-instance" xsi:noNamespaceSchemaLocation="http://sumo.dlr.de/xsd/netconvertConfiguration.xsd">

    <input>
        <type-files value="${SUMO_HOME}/data/typemap/osmNetconvert.typ.xml"/>
        <osm-files value="osm_bbox.osm.xml.gz"/>
    </input>

    <output>
        <output-file value="osm.net.xml.gz"/>
        <output.street-names value="true"/>
        <output.original-names value="true"/>
    </output>

    <processing>
        <geometry.remove value="true"/>
        <roundabouts.guess value="true"/>
    </processing>

    <tls_building>
        <tls.discard-simple value="true"/>
        <tls.join value="true"/>
        <tls.guess-signals value="true"/>
        <tls.default-type value="actuated"/>
    </tls_building>

    <ramp_guessing>
        <ramps.guess value="true"/>
    </ramp_guessing>

    <junctions>
        <junctions.join value="true"/>
        <junctions.corner-detail value="5"/>
    </junctions>

</netconvertConfiguration>
